,…Í«Î—ß–£
The Chinese University of Hong Kong,75
City University of Hong Kong,68
Nanyang Technological University,62
The University of Hong Kong,59
The Hong Kong University of Science and Technology,56
National University of Singapore,38
Hong Kong Baptist University,34
The Hong Kong Polytechnic University,32
University of Waterloo,30
University of Twente,28
Delft University of Technology,26
University of Edinburgh,23
Western University,21
McGill University,21
Concordia University,20
George Washington University,19
University Of Southampton,19
Technische Universiteit Eindhoven,18
University of Bristol,17
Royal Institute of Technology,16
University of British Columbia,15
The Hong Kong University of Science and,15
University of Glasgow,14
University of Toronto,14
Chalmers University of Technology,14
University of Alberta,13
University College London,13
University of Victoria,13
Carleton University,13
Dalhousie University,13
University of Copenhagen,12
University of Ottawa,12
Carnegie Mellon University,12
The University of Manchester,12
Imperial College London,12
Northeastern University,11
McMaster University,11
KU Leuven,11
The University of Melbourne,11
?cole Polytechnique F®¶d®¶rale de Lausanne,11
Australian National University,11
University of Calgary,10
The Hong Kong University of Science and Technology ,10
Stevens Institute of Technology,10
Syracuse University,10
The University of Sheffield,10
The University of New South Wales,9
Aalto University,9
York University,9
The University of Sydney,8
University of Delaware,8
Eindhoven University of Technology,8
University of Wisconsin,8
Columbia University,8
University of Texas - Dallas,7
Politecnico di Milano,7
University of Southern California,7
University of Virginia,7
University of Florida,7
University of Leeds,7
Kings College London,7
Monash University,7
University of Texas - Austin,7
The University of Warwick,7
University of Birmingham,7
University of California - Berkeley,6
Simon Fraser University,6
The University of York,6
City University of Hong Kong ,6
University of Manitoba,6
University of California - Santa Cruz,6
Southern Methodist University,6
Eidgenossische Technische Hochschule Z®πr,6
The Chinese University of Hong Kong ,6
University of Windsor,6
New York University,6
University of Technology Sydney,6
Cornell University,6
Arizona State University,5
University of Helsinki,5
University of St Andrews,5
University of California - San Diego,5
Trinity College Dublin,5
University of Chicago,5
"The Chinese University of Hong Kong, Shengzhen",5
Ohio State University,5
University of Pittsburgh,5
Eidgenossische Technische Hochschule Z®πrich,5
University of Washington,5
SUNY University at Buffalo,5
University of Maryland - College Park,5
University of Pennsylvania,5
National University of Singapore ,5
The University of Hong Kong ,4
University of Bath,4
Newcastle University,4
Erasmus Mundus,4
SUNY Stony Brook University,4
University Leiden,4
Ryerson University,4
Purdue University,4
Rutgers University,4
University of Saskatchewan,4
Illinois Institute of Technology,4
Texas A&M University,4
The Pennsylvania State University,4
University of Rochester,4
University of Edinburgh ,4
University College Dublin,4
Uppsala University,4
Technische Universit?t M®πnchen (TUM),4
University Of Southampton ,3
Lakehead University,3
VU University Amsterdam,3
Boston University,3
Nanyang Technological University ,3
Cardiff University,3
RWTH Aachen University,3
Case Western Reserve University,3
NYU Polytechnic School of Engineering,3
Norwegian University of Science and Technology (NTNU),3
Washington University in St Louis,3
University of Groningen,3
University of Ontario Institute of Technology,3
Clemson University,3
Harvard University,3
Aarhus University,3
University of Central Florida,3
Johns Hopkins University,3
EIT Digital Master School,3
The University of Sheffield ,3
Technical University of Denmark,3
North Carolina State University,3
Brandeis University,3
Universiteit van Amsterdam,3
London School of Economics and Political Science,3
Georgia Institute of Technology,2
Santa Clara University,2
The University of Auckland,2
University of Arizona,2
University of Leeds ,2
University of Illinois at Urbana-Champai,2
Georgetown University,2
George Brown College,2
Stanford University,2
Loughborough University,2
The Hong Kong Polytechnic University ,2
EIT ICT LABS,2
University of California - Irvine,2
University of Iowa,2
University of Georgia,2
University of Michigan - Ann Arbor,2
Yale University,2
University of Oxford,2
Indiana University,2
Utrecht University,2
University of New England,2
Durham University ,2
Tufts University,2
University of Liverpool,2
Singapore University of Technology and D,2
SUNY Binghamton University,2
Rensselaer Polytechnic Institute,2
University of Texas - Austin ,2
Fordham University,2
University of California - Riverside,2
University of Glasgow ,2
University of Missouri,2
Worcester Polytechnic Institute,2
Rochester Institute of Technology,2
University of Zurich,2
University of Bristol ,2
University of California - Davis,2
University of Kent,2
University of North Carolina at Chapel H,2
Simon Fraser University ,2
The University of Adelaide,2
University of California - Los Angeles,2
University of Minnesota - Twin Cities,2
Hong Kong Baptist University ,2
Princeton University,2
Queen°Øs University,2
University of Nevada - Reno,2
"Queen Mary, University of London",2
University College London ,2
University of California - Santa Barbara,2
Duke University,2
Dartmouth College,2
Northwestern University,2
EIT,2
Technische Universit?t Berlin,1
eit ( tud + kth ),1
University of Exeter,1
Wake Forest University,1
Politecnico di Torino,1
University of Texas - Dallas ,1
University of Amsterdam ,1
NTNU  / KTH,1
Universit®¶ de Montr®¶al ,1
University of Toronto ,1
University of Colorado - Denver,1
Memorial University,1
The University of Warwick ,1
University of Guelph,1
EIT(KTH/TUD),1
University of Cincinnati,1
Syracuse University ,1
Link?ping University,1
Durham University,1
Michigan Technological University,1
College of William & Mary ,1
Singapore University of Technology and Design,1
University of Texas £≠ Arlington,1
University of Southern California ,1
3TU,1
Worcester Polytechnic Institute ,1
University of Kansas,1
SFU,1
Colorado School of Mines,1
The University of Manchester ,1
University of Illinois at Chicago,1
University of Alabama - Huntsville,1
EIT-Delft/KTH,1
University of New Brunswick,1
University of Rhode Island,1
KTH Royal Institute of Technology,1
Australian National University ,1
Memorial University ,1
Old Dominion University,1
g5,1
Heriot-Watt University,1
EM+ NordSecMob°æNTNU+KTH°ø,1
Drexel University,1
EM-VIBOT,1
SFU+UBC+BCIT+Emily Carr,1
Cranfield University,1
The University of Western Australia ,1
University of South Florida,1
EMCL,1
Carnegie Mellon University£®Australia£©,1
Texas A&M University ,1
College of William & Mary,1
Eindhoven University of Technology ,1
Lehigh University,1
Universit®¶ Jean Monnet de Saint-?tienne,1
University of Illinois at Urbana-Champaign,1
SUNY University at Buffalo -,1
EIT KTH+Aalto,1
Royal Institute of Technology ,1
Vrije Universiteit Brussel,1
University of Saarland,1
Emory University,1
Vanderbilt University,1
Rutgers University - Newark,1
Sapienza University of Rome,1
"UBC, SFUCDM",1
Queen°Øs University ,1
Digipen,1
Queensland University of Technology,1
Dalhousie University ,1
Indiana University-Purdue University-Ind,1
Louisiana State University,1
Lancaster University,1
Universitetet i Oslo,1
Carleton University ,1
University of Copenhagen ,1
University of Cambridge,1
University of San Francisco,1
McMaster University ,1
McGill University ,1
Temple University,1
University of Calgary ,1
University of Geneva,1
RMIT University,1
Universit®¶ du Qu®¶bec,1
EIT (KTH+TU/e),1
Michigan State University,1
Dartmouth College ,1
Rochester Institute of Technology ,1
Polytechnic Institute of New York Univer,1
Wilfrid Laurier University,1
The University of Queensland,1
University of Leicester,1
Parsons,1
University of Nebraska - Lincoln,1
Heidelberg University,1
Rice University,1
Indiana University-Bloomington,1
Louisiana Tech University,1
EIT ICT °æDelft+KTH°ø,1
University of Hertfordshire,1
Trent University,1
Ohio State University ,1
Bishops University,1
University of Cambridge ,1
New Jersey Institute of Technology,1
EIT ICT Master School,1
Ruhr Universit?t Bochum,1
Imperial College London ,1
U of Alberta CS thesis-based ms,1
Stevens,1
Maastricht University,1
University of Utah,1
Illinois Institute of Technology ,1
Washington University in St Louis ,1
Technische Universit?t Braunschweig,1
The College of Saint Rose ,1
University of Lincoln,1
King's College London ,1
Florida State University,1
University of Florida ,1
EIT ICT Lab,1
EIT ICT Labs Master School,1
University of Tennessee,1
University of Amsterdam,1
Korea Advanced Institute of Science and Technology,1
Ecole Polytechnique,1
Clark University,1
TU delft + KTH,1
University of Wollongong,1
University of Wisconsin ,1
Stevens Institute of Technology ,1
University of Minnesota - Twin Cities ,1
University of North Dakota,1
HKU,1
University of Illinois at Urbana-Champaign -,1
University of Colorado - Boulder,1
University of Macau,1
Western Michigan University,1
University of Trento + Groningen,1
University College Dublin ,1
TUE + KTH,1
Marquette University,1
Singapore Management University,1
Joseph Fourier University (Grenoble 1),1
Tilburg University,1
Uppsala University ,1
Holmesglen TAFE,1
TU delft +  KTH,1
Brown University,1
